[
  {
    "id": "21981e3b-a606-4bda-9808-ffb473fd4513",
    "data": [
      {
        "text": "D\u0027accord",
        "userDefined": false
      }
    ],
    "isTemplate": false,
    "count": 0,
    "lang": "fr",
    "updated": 0
  },
  {
    "id": "9adc7eab-fcdc-488e-8056-c6f908d2576c",
    "data": [
      {
        "text": "Allons-y",
        "userDefined": false
      }
    ],
    "isTemplate": false,
    "count": 0,
    "lang": "fr",
    "updated": 0
  },
  {
    "id": "6b709ee9-c8b7-4ed1-9454-cf1233960ce6",
    "data": [
      {
        "text": "Oui",
        "userDefined": false
      }
    ],
    "isTemplate": false,
    "count": 0,
    "lang": "fr",
    "updated": 0
  }
]