[
  {
    "id": "2c429c72-1de9-4cdd-8ebd-f5355bfef471",
    "data": [
      {
        "text": "Je cherche ",
        "userDefined": false
      },
      {
        "text": "un",
        "userDefined": false
      },
      {
        "text": " forfait mobile pas chère",
        "userDefined": false
      }
    ],
    "isTemplate": false,
    "count": 0,
    "lang": "fr",
    "updated": 0
  },
  {
    "id": "0a84fb3f-95cf-4bbb-a1ee-f585b01e185c",
    "data": [
      {
        "text": "forfait mobile",
        "userDefined": false
      }
    ],
    "isTemplate": false,
    "count": 0,
    "lang": "fr",
    "updated": 0
  },
  {
    "id": "ac52964c-a7c5-44be-ac8d-78f08d8d0e0e",
    "data": [
      {
        "text": "forfait",
        "userDefined": false
      }
    ],
    "isTemplate": false,
    "count": 0,
    "lang": "fr",
    "updated": 0
  },
  {
    "id": "6680dd17-6f42-4dc5-9cdf-d25c3b1bb6bd",
    "data": [
      {
        "text": "Je voudrais ",
        "userDefined": false
      },
      {
        "text": "un",
        "userDefined": false
      },
      {
        "text": " forfait",
        "userDefined": false
      }
    ],
    "isTemplate": false,
    "count": 0,
    "lang": "fr",
    "updated": 0
  },
  {
    "id": "1b692ecb-2638-471d-b69f-5e115534eaeb",
    "data": [
      {
        "text": "Je cherche ",
        "userDefined": false
      },
      {
        "text": "un",
        "userDefined": false
      },
      {
        "text": " forfait mobile",
        "userDefined": false
      }
    ],
    "isTemplate": false,
    "count": 0,
    "lang": "fr",
    "updated": 0
  }
]