[
  {
    "id": "9c182cf0-1482-44df-a13e-52e60d229fb1",
    "data": [
      {
        "text": "Madame",
        "meta": "@sys.any",
        "alias": "title",
        "userDefined": true
      }
    ],
    "isTemplate": false,
    "count": 2,
    "lang": "fr",
    "updated": 0
  },
  {
    "id": "25adad40-ebb3-488c-9469-12bc538a2475",
    "data": [
      {
        "text": "Monsieur",
        "meta": "@sys.any",
        "alias": "title",
        "userDefined": true
      }
    ],
    "isTemplate": false,
    "count": 0,
    "lang": "fr",
    "updated": 0
  }
]